[{"family":"MaterialIcons","fonts":[{"asset":"fonts/MaterialIcons-Regular.otf"}]},{"family":"Muli","fonts":[{"asset":"assets/fonts/Muli.ttf"}]},{"family":"Muli-Bold","fonts":[{"asset":"assets/fonts/Muli-Bold.ttf"}]},{"family":"Muli-ExtraLight","fonts":[{"asset":"assets/fonts/Muli-ExtraLight.ttf"}]},{"family":"Muli-Light","fonts":[{"asset":"assets/fonts/Muli-Light.ttf"}]},{"family":"Muli-SemiBold","fonts":[{"asset":"assets/fonts/Muli-SemiBold.ttf"}]},{"family":"packages/cupertino_icons/CupertinoIcons","fonts":[{"asset":"packages/cupertino_icons/assets/CupertinoIcons.ttf"}]}]