{
  "applications": [],
  "services": [
    {
      "name": "com.huawei.location.extService",
      "routeBy": "ser_country",
      "servings": [
        {
          "countryGroup": "DR1",
          "addresses": {
            "LOGSERVERROUTE": "https://logservice1.dbankcloud.cn",
            "HIANALYTICROUTE": "https://metrics1-drcn.dt.dbankcloud.cn"
          }
        },
        {
          "countryGroup": "DR2",
          "addresses": {
            "LOGSERVERROUTE": "https://logservice-dra.platform.dbankcloud.cn",
            "HIANALYTICROUTE": "https://metrics-dra.dt.dbankcloud.cn"
          }
        },
        {
          "countryGroup": "DR3",
          "addresses": {
            "LOGSERVERROUTE": "https://logservice-dre.platform.dbankcloud.cn",
            "HIANALYTICROUTE": "https://metrics-dre.data.dbankcloud.cn"
          }
        },
        {
          "countryGroup": "DR4",
          "addresses": {
            "LOGSERVERROUTE": "https://logservice-drru.dt.dbankcloud.ru",
            "HIANALYTICROUTE": "https://metrics5.dt.dbankcloud.ru:6447"
          }
        }
      ],
      "countryOrAreaGroups": [
        {
          "id": "DR1",
          "name": "China",
          "countriesOrAreas": [
            "CN"
          ],
          "description": "China zone"
        },
        {
          "id": "DR2",
          "name": "Asian-African-Latin American",
          "countriesOrAreas": [
            "AE",
            "AF",
            "AG",
            "AI",
            "AM",
            "AO",
            "AQ",
            "AR",
            "AS",
            "AW",
            "AZ",
            "BB",
            "BD",
            "BF",
            "BH",
            "BI",
            "BJ",
            "BL",
            "BM",
            "BN",
            "BO",
            "BR",
            "BS",
            "BT",
            "BV",
            "BW",
            "BY",
            "BZ",
            "CC",
            "CD",
            "CF",
            "CG",
            "CI",
            "CK",
            "CL",
            "CM",
            "CO",
            "CR",
            "CU",
            "CV",
            "CX",
            "DJ",
            "DM",
            "DO",
            "DZ",
            "EC",
            "EG",
            "EH",
            "ER",
            "ET",
            "FJ",
            "FK",
            "FM",
            "GA",
            "GD",
            "GE",
            "GF",
            "GH",
            "GM",
            "GN",
            "GP",
            "GQ",
            "GS",
            "GT",
            "GU",
            "GW",
            "GY",
            "HK",
            "HM",
            "HN",
            "HT",
            "ID",
            "IN",
            "IO",
            "IQ",
            "JM",
            "JO",
            "JP",
            "KE",
            "KG",
            "KH",
            "KI",
            "KM",
            "KN",
            "KP",
            "KR",
            "KW",
            "KY",
            "KZ",
            "LA",
            "LB",
            "LC",
            "LK",
            "LR",
            "LS",
            "LY",
            "MA",
            "MG",
            "MH",
            "ML",
            "MM",
            "MN",
            "MO",
            "MP",
            "MQ",
            "MR",
            "MS",
            "MU",
            "MV",
            "MW",
            "MX",
            "MY",
            "MZ",
            "NA",
            "NC",
            "NE",
            "NF",
            "NG",
            "NI",
            "NP",
            "NR",
            "NU",
            "OM",
            "PA",
            "PE",
            "PF",
            "PG",
            "PH",
            "PK",
            "PN",
            "PR",
            "PS",
            "PW",
            "PY",
            "QA",
            "RE",
            "RW",
            "SA",
            "SB",
            "SC",
            "SD",
            "SG",
            "SH",
            "SL",
            "SN",
            "SO",
            "SR",
            "SS",
            "ST",
            "SV",
            "SY",
            "SZ",
            "TC",
            "TD",
            "TF",
            "TG",
            "TH",
            "TJ",
            "TK",
            "TL",
            "TM",
            "TN",
            "TO",
            "TT",
            "TV",
            "TW",
            "TZ",
            "UG",
            "UY",
            "UZ",
            "VE",
            "VG",
            "VI",
            "VN",
            "VU",
            "WF",
            "WS",
            "YE",
            "YT",
            "ZA",
            "ZM",
            "ZW"
          ],
          "description": "Asian-African-Latin American zone"
        },
        {
          "id": "DR3",
          "name": "Europe",
          "countriesOrAreas": [
            "AD",
            "AL",
            "AN",
            "AT",
            "AU",
            "AX",
            "BA",
            "BE",
            "BG",
            "BQ",
            "CA",
            "CH",
            "CW",
            "CY",
            "CZ",
            "DE",
            "DK",
            "EE",
            "ES",
            "FI",
            "FO",
            "FR",
            "GB",
            "GG",
            "GI",
            "GL",
            "GR",
            "HR",
            "HU",
            "IE",
            "IL",
            "IM",
            "IS",
            "IT",
            "JE",
            "LI",
            "LT",
            "LU",
            "LV",
            "MC",
            "MD",
            "ME",
            "MF",
            "MK",
            "MT",
            "NL",
            "NO",
            "NZ",
            "PL",
            "PM",
            "PT",
            "RO",
            "RS",
            "SE",
            "SI",
            "SJ",
            "SK",
            "SM",
            "SX",
            "TR",
            "UA",
            "UM",
            "VA",
            "VC",
            "XK",
            "YK"
          ],
          "description": "Europe zone"
        },
        {
          "id": "DR4",
          "name": "Russa",
          "countriesOrAreas": [
            "RU"
          ],
          "description": "Russa zone"
        }
      ]
    }
  ],
  "countryOrAreaGroups": []
}