{
	"applications":[],
	"services":[
		{
			"name":"com.huawei.tsms",
			"routeBy":"ser_country>geo_ip",
			"servings":[
				{
					"countryOrAreaGroup":"DR1",
					"addresses":{
						"CDN":"https://h5hosting.dbankcdn.com/cch5/",
						"IDMAPPING":"https://idmapping-drcn.security.dbankcloud.cn",
						"ROOT":"https://tsms-drcn.platform.dbankcloud.com"
					}
				},
				{
					"countryOrAreaGroup":"DR2",
					"addresses":{
						"CDN":"https://h5hosting.dbankcdn.com/cch5/",
						"ROOT":"https://tsms-dra.platform.dbankcloud.com"
					}
				},
				{
					"countryOrAreaGroup":"DR3",
					"addresses":{
						"CDN":"https://h5hosting.dbankcdn.com/cch5/",
						"ROOT":"https://tsms-dre.platform.dbankcloud.com"
					}
				},
				{
					"countryOrAreaGroup":"DR4",
					"addresses":{
						"CDN":"https://h5hosting-drru.dbankcdn.ru/cch5/",
						"ROOT":"https://tsms-drru.security.dbankcloud.ru"
					}
				}
			],
			"countryOrAreaGroups":[
				{
					"id":"DR1",
					"name":"中国区",
					"countriesOrAreas":["CN"],
					"description":"中国区"
				},
				{
					"id":"DR2",
					"name":"亚非拉",
					"countriesOrAreas":["AE","AF","AG","AI","AM","AO","AQ","AR","AS","AW","AZ","BB","BD","BF","BH","BI","BJ","BL","BM","BN","BO","BR","BS","BT","BV","BW","BY","BZ","CC","CD","CF","CG","CI","CK","CL","CM","CO","CR","CU","CV","CX","DJ","DM","DO","DZ","EC","EG","EH","ER","ET","FJ","FK","FM","GA","GD","GE","GF","GH","GM","GN","GP","GQ","GS","GT","GU","GW","GY","HK","HM","HN","HT","ID","IN","IO","IQ","JM","JO","JP","KE","KG","KH","KI","KM","KN","KP","KR","KW","KY","KZ","LA","LB","LC","LK","LR","LS","LY","MA","MG","MH","ML","MM","MN","MO","MP","MQ","MR","MS","MU","MV","MW","MX","MY","MZ","NA","NC","NE","NF","NG","NI","NP","NR","NU","OM","PA","PE","PF","PG","PH","PK","PN","PR","PS","PW","PY","QA","RE","RW","SA","SB","SC","SD","SG","SH","SL","SN","SO","SR","SS","ST","SV","SY","SZ","TC","TD","TF","TG","TH","TJ","TK","TL","TM","TN","TO","TT","TV","TW","TZ","UG","UY","UZ","VE","VG","VI","VN","VU","WF","WS","YE","YT","ZA","ZM","ZW"],
					"description":"亚非拉"
				},
				{
					"id":"DR3",
					"name":"欧洲区",
					"countriesOrAreas":["AD","AL","AN","AT","AU","AX","BA","BE","BG","BQ","CA","CH","CW","CY","CZ","DE","DK","EE","ES","FI","FO","FR","GB","GG","GI","GL","GR","HR","HU","IE","IL","IM","IS","IT","JE","LI","LT","LU","LV","MC","MD","ME","MF","MK","MT","NL","NO","NZ","PL","PM","PT","RO","RS","SE","SI","SJ","SK","SM","SX","TR","UA","UM","VA","VC","XK","YK"],
					"description":"欧洲区,排除美国"
				},
				{
					"id":"DR4",
					"name":"俄罗斯",
					"countriesOrAreas":["RU"],
					"description":"俄罗斯"
				}
			]
		}
	],
	"countryOrAreaGroups":[]
}